226	Cerenkov in core	1294
228	Cerenkov in core	1187
1505	Cerenkov in core	799
2013	Cerenkov in core	716
2482	Cerenkov in core	890
3313	Cerenkov in core	988
3974	Cerenkov in core	242
4024	Cerenkov in core	126
4716	Cerenkov in core	559
4716	Cerenkov in core	704
5325	Cerenkov in core	415
5341	Cerenkov in core	380
5344	Cerenkov in core	458
5371	Cerenkov in core	1156
6150	Cerenkov in core	695
6916	Cerenkov in core	220
6924	Cerenkov in core	880
6950	Cerenkov in core	1587
6955	Cerenkov in core	682
7617	Cerenkov in core	1391
7673	Cerenkov in core	1484
8560	Cerenkov in core	1325
9222	Cerenkov in core	1071
9934	Cerenkov in core	161
9958	Cerenkov in core	412
9973	Cerenkov in core	636
9973	Cerenkov in core	1223
10768	Cerenkov in core	1306
10769	Cerenkov in core	300
10782	Cerenkov in core	932
11339	Cerenkov in core	211
11352	Cerenkov in core	572
13056	Cerenkov in core	677
13061	Cerenkov in core	324
13061	Cerenkov in core	1021
13097	Cerenkov in core	1055
13908	Cerenkov in core	308
14641	Cerenkov in core	344
15238	Cerenkov in core	436
16002	Cerenkov in core	1434
16012	Cerenkov in core	249
16038	Cerenkov in core	22
16041	Cerenkov in core	736
16050	Cerenkov in core	1140
16775	Cerenkov in core	303
16790	Cerenkov in core	935
16827	Cerenkov in core	210
17426	Cerenkov in core	747
17436	Cerenkov in core	89
17438	Cerenkov in core	342
17453	Cerenkov in core	1022
17459	Cerenkov in core	1220
18215	Cerenkov in core	306
18947	Cerenkov in core	87
18983	Cerenkov in core	671
19802	Cerenkov in core	1146
20578	Cerenkov in core	1302
21184	Cerenkov in core	230
21215	Cerenkov in core	224
21227	Cerenkov in core	289
21233	Cerenkov in core	1351
21240	Cerenkov in core	1000
22211	Scintillation in core	399
22211	Scintillation in core	427
22211	Scintillation in core	427
22211	Scintillation in core	427
22211	Scintillation in core	427
22211	Scintillation in core	427
22211	Scintillation in core	427
22211	Scintillation in core	424
22211	Scintillation in core	429
22211	Scintillation in core	475
22211	Scintillation in core	475
22211	Scintillation in core	469
22211	Scintillation in core	467
22211	Scintillation in core	458
22211	Scintillation in core	448
22211	Scintillation in core	445
22211	Scintillation in core	442
22211	Scintillation in core	442
22211	Scintillation in core	442
22211	Scintillation in core	442
22211	Scintillation in core	491
22211	Scintillation in core	491
22211	Scintillation in core	491
22211	Scintillation in core	491
22211	Scintillation in core	491
22211	Scintillation in core	491
22211	Scintillation in core	491
22211	Scintillation in core	569
22211	Scintillation in core	560
22211	Scintillation in core	557
22211	Scintillation in core	550
22211	Scintillation in core	550
22211	Scintillation in core	550
22211	Scintillation in core	550
22211	Scintillation in core	550
22211	Scintillation in core	550
22211	Scintillation in core	550
22211	Scintillation in core	550
22211	Scintillation in core	550
22211	Scintillation in core	548
22211	Scintillation in core	536
22211	Scintillation in core	536
22211	Scintillation in core	536
22211	Scintillation in core	536
22211	Scintillation in core	536
22211	Scintillation in core	535
22211	Scintillation in core	535
22211	Scintillation in core	531
22211	Scintillation in core	531
22211	Scintillation in core	531
22211	Scintillation in core	531
22211	Scintillation in core	531
22211	Scintillation in core	509
22211	Scintillation in core	509
22211	Scintillation in core	608
22211	Scintillation in core	608
22211	Scintillation in core	608
22211	Scintillation in core	603
22211	Scintillation in core	603
22211	Scintillation in core	602
22211	Cerenkov in core	597
22211	Cerenkov in core	597
22211	Cerenkov in core	597
22211	Cerenkov in core	597
22211	Cerenkov in core	597
22211	Scintillation in core	631
22211	Scintillation in core	631
22211	Scintillation in core	631
22211	Scintillation in core	641
22211	Scintillation in core	638
22211	Scintillation in core	638
22211	Scintillation in core	638
22211	Scintillation in core	638
22211	Scintillation in core	654
22211	Scintillation in core	654
22211	Scintillation in core	650
22211	Scintillation in core	749
22211	Scintillation in core	726
22211	Scintillation in core	712
22211	Scintillation in core	712
22211	Scintillation in core	774
22211	Scintillation in core	775
22211	Scintillation in core	902
22211	Scintillation in core	899
22211	Scintillation in core	895
22211	Scintillation in core	893
22211	Scintillation in core	893
22211	Scintillation in core	893
22211	Scintillation in core	893
22211	Scintillation in core	871
22211	Scintillation in core	871
22211	Scintillation in core	871
22211	Scintillation in core	864
22211	Scintillation in core	855
22211	Scintillation in core	855
22211	Scintillation in core	855
22211	Scintillation in core	855
22211	Scintillation in core	855
22211	Scintillation in core	813
22211	Scintillation in core	813
22211	Scintillation in core	813
22211	Scintillation in core	813
22211	Cerenkov in core	790
22211	Scintillation in core	936
22211	Scintillation in core	934
22211	Scintillation in core	930
22211	Scintillation in core	969
22211	Scintillation in core	1139
22211	Scintillation in core	1132
22211	Scintillation in core	1132
22211	Scintillation in core	1132
22211	Scintillation in core	1132
22211	Scintillation in core	1132
22211	Scintillation in core	1132
22211	Scintillation in core	1122
22211	Scintillation in core	1122
22211	Scintillation in core	1122
22211	Scintillation in core	1122
22211	Scintillation in core	1113
22211	Scintillation in core	1101
22211	Scintillation in core	1101
22211	Scintillation in core	1090
22211	Scintillation in core	1088
22211	Scintillation in core	1077
22211	Scintillation in core	1077
22211	Scintillation in core	1077
22211	Scintillation in core	1077
22211	Scintillation in core	1073
22211	Scintillation in core	1073
22211	Scintillation in core	1073
22211	Scintillation in core	1063
22211	Scintillation in core	1059
22211	Scintillation in core	1036
22211	Scintillation in core	1036
22211	Scintillation in core	1027
22211	Scintillation in core	1025
22211	Scintillation in core	1018
22211	Scintillation in core	1016
22211	Cerenkov in core	1011
22211	Cerenkov in core	1010
22211	Cerenkov in core	1010
22211	Cerenkov in core	1010
22211	Cerenkov in core	1010
22211	Cerenkov in core	1009
22211	Cerenkov in core	1007
22211	Cerenkov in core	1007
22211	Cerenkov in core	1007
22211	Cerenkov in core	1007
22211	Cerenkov in core	1007
22211	Scintillation in core	1185
22211	Scintillation in core	1188
22211	Scintillation in core	1188
22211	Scintillation in core	1188
22211	Scintillation in core	1193
22211	Scintillation in core	1211
22211	Scintillation in core	1212
22211	Scintillation in core	1214
22211	Scintillation in core	1214
22211	Scintillation in core	1214
22211	Scintillation in core	1214
22211	Scintillation in core	1324
22211	Scintillation in core	1318
22211	Scintillation in core	1315
22211	Scintillation in core	1315
22211	Scintillation in core	1302
22211	Scintillation in core	1295
22211	Scintillation in core	1295
22211	Scintillation in core	1295
22211	Scintillation in core	1295
22211	Scintillation in core	1289
22211	Scintillation in core	1288
22211	Scintillation in core	1283
22211	Scintillation in core	1281
22211	Scintillation in core	1250
22211	Scintillation in core	1250
22211	Scintillation in core	1250
22211	Scintillation in core	1250
22211	Scintillation in core	1250
22211	Scintillation in core	1250
22211	Scintillation in core	1250
22211	Scintillation in core	1250
22211	Scintillation in core	1250
22211	Scintillation in core	1249
22211	Scintillation in core	1361
22211	Scintillation in core	1345
22211	Scintillation in core	1398
22211	Scintillation in core	1416
22211	Scintillation in core	1410
22211	Scintillation in core	1424
22211	Scintillation in core	1424
22211	Scintillation in core	1424
22211	Scintillation in core	1424
22211	Scintillation in core	1419
22211	Scintillation in core	1464
22211	Scintillation in core	1460
22211	Scintillation in core	1470
22211	Scintillation in core	1478
22211	Scintillation in core	1492
22211	Scintillation in core	1492
22211	Scintillation in core	1499
22211	Scintillation in core	1499
22211	Scintillation in core	1531
22211	Scintillation in core	1525
22211	Scintillation in core	1517
22211	Scintillation in core	1517
22211	Scintillation in core	1516
22211	Scintillation in core	1511
22211	Scintillation in core	1565
22211	Scintillation in core	1577
22211	Scintillation in core	1577
22211	Scintillation in core	1577
22211	Scintillation in core	1577
22211	Scintillation in core	1577
22211	Scintillation in core	1577
22211	Scintillation in core	1577
22211	Scintillation in core	1607
22211	Scintillation in core	1607
22211	Scintillation in core	1607
22211	Scintillation in core	1633
22211	Scintillation in core	1680
22211	Scintillation in core	1678
22211	Scintillation in core	1678
22211	Scintillation in core	1678
22211	Scintillation in core	1678
22211	Scintillation in core	1671
22211	Scintillation in core	1671
22211	Scintillation in core	1671
22211	Scintillation in core	1743
22211	Scintillation in core	1689
22211	Scintillation in core	1686
22211	Scintillation in core	1785
22211	Scintillation in core	1785
22211	Scintillation in core	1780
22211	Scintillation in core	1877
22211	Scintillation in core	1877
22211	Scintillation in core	1877
22211	Scintillation in core	1877
22211	Scintillation in core	1877
22211	Scintillation in core	1871
22211	Scintillation in core	1850
22211	Scintillation in core	1850
22211	Scintillation in core	1850
22211	Scintillation in core	1850
22211	Scintillation in core	1841
22211	Scintillation in core	1841
22211	Scintillation in core	1838
22211	Scintillation in core	1816
22211	Scintillation in core	1815
22211	Cerenkov in core	1800
22211	Scintillation in core	1897
22211	Scintillation in core	1900
22211	Scintillation in core	1903
22211	Scintillation in core	1905
22211	Scintillation in core	1943
22211	Scintillation in core	1942
22211	Scintillation in core	1928
22211	Scintillation in core	1928
22211	Scintillation in core	1928
22211	Scintillation in core	1928
22211	Scintillation in core	1923
22211	Scintillation in core	1923
22211	Scintillation in core	1921
22211	Scintillation in core	1917
22211	Scintillation in core	1917
22211	Scintillation in core	2002
22211	Scintillation in core	2002
22211	Scintillation in core	2002
22211	Scintillation in core	2002
22211	Scintillation in core	2002
22211	Scintillation in core	2002
22211	Scintillation in core	2002
22211	Scintillation in core	2002
22211	Scintillation in core	2002
22211	Scintillation in core	2002
22211	Scintillation in core	2002
22211	Scintillation in core	2002
22211	Scintillation in core	2002
22211	Scintillation in core	1987
22211	Scintillation in core	1986
22211	Scintillation in core	1984
22211	Scintillation in core	1966
22211	Scintillation in core	1961
22211	Scintillation in core	1960
22211	Scintillation in core	1960
22211	Scintillation in core	1960
22211	Scintillation in core	1960
22211	Scintillation in core	1960
22211	Scintillation in core	1960
22211	Scintillation in core	1960
22211	Scintillation in core	1954
22211	Scintillation in core	1954
22211	Scintillation in core	1954
22211	Scintillation in core	2058
22211	Scintillation in core	2058
22211	Scintillation in core	2058
22211	Scintillation in core	2058
22211	Scintillation in core	2058
22211	Scintillation in core	2117
22211	Scintillation in core	2115
22211	Scintillation in core	2100
22211	Scintillation in core	2100
22211	Scintillation in core	2100
22211	Scintillation in core	2100
22211	Scintillation in core	2097
22211	Scintillation in core	2097
22211	Scintillation in core	2097
22211	Scintillation in core	2097
22211	Scintillation in core	2097
22211	Scintillation in core	2097
22211	Scintillation in core	2097
22211	Scintillation in core	2092
22211	Scintillation in core	2082
22211	Scintillation in core	2082
22211	Scintillation in core	2082
22211	Scintillation in core	2082
22211	Scintillation in core	2082
22211	Scintillation in core	2082
22211	Scintillation in core	2165
22211	Scintillation in core	2165
22211	Scintillation in core	2165
22211	Scintillation in core	2162
22211	Scintillation in core	2162
22211	Scintillation in core	2162
22211	Scintillation in core	2162
22211	Scintillation in core	2160
22211	Scintillation in core	2160
22211	Scintillation in core	2156
22211	Scintillation in core	2151
22211	Scintillation in core	2144
22211	Scintillation in core	2135
22211	Scintillation in core	2132
22211	Scintillation in core	2214
22211	Scintillation in core	2210
22211	Scintillation in core	2208
22211	Scintillation in core	2203
22211	Scintillation in core	2203
22211	Scintillation in core	2203
22211	Scintillation in core	2203
22211	Cerenkov in core	2174
22211	Cerenkov in core	2174
22211	Cerenkov in core	2174
22211	Cerenkov in core	2174
22211	Cerenkov in core	2174
22211	Cerenkov in core	2174
22211	Cerenkov in core	2174
22211	Cerenkov in core	2174
22211	Cerenkov in core	2174
22211	Cerenkov in core	2174
22211	Scintillation in core	2242
22211	Scintillation in core	2261
22211	Scintillation in core	2258
22211	Scintillation in core	2280
22211	Scintillation in core	2277
22211	Scintillation in core	2268
22211	Scintillation in core	2268
22211	Scintillation in core	2268
22211	Scintillation in core	2268
22211	Scintillation in core	2268
22211	Scintillation in core	2695
22211	Scintillation in core	2681
22211	Scintillation in core	2672
22211	Scintillation in core	2658
22211	Scintillation in core	2658
22211	Scintillation in core	2658
22211	Scintillation in core	2658
22211	Scintillation in core	2635
22211	Scintillation in core	2635
22211	Scintillation in core	2635
22211	Scintillation in core	2635
22211	Scintillation in core	2624
22211	Scintillation in core	2623
22211	Scintillation in core	2618
22211	Scintillation in core	2613
22211	Scintillation in core	2613
22211	Scintillation in core	2605
22211	Scintillation in core	2598
22211	Scintillation in core	2598
22211	Scintillation in core	2598
22211	Scintillation in core	2598
22211	Scintillation in core	2598
22211	Scintillation in core	2598
22211	Scintillation in core	2598
22211	Scintillation in core	2587
22211	Scintillation in core	2587
22211	Scintillation in core	2587
22211	Scintillation in core	2576
22211	Scintillation in core	2576
22211	Scintillation in core	2576
22211	Scintillation in core	2569
22211	Scintillation in core	2559
22211	Scintillation in core	2555
22211	Scintillation in core	2550
22211	Scintillation in core	2542
22211	Scintillation in core	2542
22211	Scintillation in core	2540
22211	Scintillation in core	2540
22211	Scintillation in core	2540
22211	Scintillation in core	2540
22211	Scintillation in core	2540
22211	Scintillation in core	2531
22211	Scintillation in core	2531
22211	Scintillation in core	2531
22211	Scintillation in core	2531
22211	Scintillation in core	2531
22211	Scintillation in core	2531
22211	Scintillation in core	2531
22211	Scintillation in core	2521
22211	Scintillation in core	2521
22211	Scintillation in core	2508
22211	Scintillation in core	2494
22211	Scintillation in core	2494
22211	Scintillation in core	2494
22211	Scintillation in core	2494
22211	Scintillation in core	2494
22211	Scintillation in core	2494
22211	Scintillation in core	2493
22211	Scintillation in core	2493
22211	Scintillation in core	2493
22211	Scintillation in core	2481
22211	Scintillation in core	2481
22211	Scintillation in core	2481
22211	Scintillation in core	2481
22211	Scintillation in core	2481
22211	Scintillation in core	2481
22211	Scintillation in core	2470
22211	Scintillation in core	2466
22211	Scintillation in core	2466
22211	Scintillation in core	2466
22211	Scintillation in core	2466
22211	Scintillation in core	2466
22211	Scintillation in core	2450
22211	Scintillation in core	2437
22211	Scintillation in core	2433
22211	Scintillation in core	2429
22211	Scintillation in core	2424
22211	Scintillation in core	2424
22211	Scintillation in core	2424
22211	Scintillation in core	2406
22211	Scintillation in core	2406
22211	Scintillation in core	2406
22211	Scintillation in core	2371
22211	Scintillation in core	2363
22211	Scintillation in core	2360
22211	Scintillation in core	2360
22211	Scintillation in core	2325
22211	Cerenkov in core	2299
22211	Cerenkov in core	2298
22211	Scintillation in core	2701
22211	Scintillation in core	2708
22211	Scintillation in core	2723
22211	Scintillation in core	2720
22211	Scintillation in core	2869
22211	Scintillation in core	2869
22211	Scintillation in core	2869
22211	Scintillation in core	2854
22211	Scintillation in core	2838
22211	Scintillation in core	2833
22211	Scintillation in core	2826
22211	Scintillation in core	2826
22211	Scintillation in core	2826
22211	Scintillation in core	2826
22211	Scintillation in core	2826
22211	Scintillation in core	2826
22211	Scintillation in core	2826
22211	Scintillation in core	2826
22211	Scintillation in core	2825
22211	Scintillation in core	2766
22211	Scintillation in core	2763
22211	Scintillation in core	2756
22211	Scintillation in core	2740
22211	Scintillation in core	2740
22211	Scintillation in core	2740
22211	Cerenkov in core	2736
22211	Cerenkov in core	2735
22211	Scintillation in core	2922
22211	Scintillation in core	2903
22211	Scintillation in core	2900
22211	Scintillation in core	2924
22211	Scintillation in core	2924
22211	Scintillation in core	2924
22211	Scintillation in core	2938
22211	Scintillation in core	2935
22211	Scintillation in core	2935
22211	Scintillation in core	2935
22211	Scintillation in core	2993
22211	Scintillation in core	2977
22211	Scintillation in core	2974
22211	Scintillation in core	3049
22211	Scintillation in core	3049
22211	Scintillation in core	3049
22211	Cerenkov in core	3021
22211	Cerenkov in core	3021
22211	Scintillation in core	3084
22211	Scintillation in core	3068
22211	Scintillation in core	3063
22211	Scintillation in core	3063
22211	Scintillation in core	3119
22211	Scintillation in core	3119
22211	Scintillation in core	3103
22211	Scintillation in core	3127
22211	Scintillation in core	3140
22211	Scintillation in core	3138
22211	Scintillation in core	3138
22211	Scintillation in core	3143
22211	Scintillation in core	3153
22211	Scintillation in core	3166
22211	Scintillation in core	3166
22211	Scintillation in core	3166
22211	Scintillation in core	3166
22211	Scintillation in core	3162
22211	Scintillation in core	3167
22222	Cerenkov in core	1174
22233	Cerenkov in core	825
22237	Cerenkov in core	769
23171	Cerenkov in core	794
23171	Cerenkov in core	794
23171	Cerenkov in core	794
23171	Cerenkov in core	794
23171	Cerenkov in core	794
23183	Cerenkov in core	1282
23212	Cerenkov in core	849
24590	Cerenkov in core	979
24629	Cerenkov in core	577
25182	Cerenkov in core	1247
25204	Cerenkov in core	78
26176	Scintillation in core	899
26176	Scintillation in core	899
26176	Scintillation in core	902
26176	Scintillation in core	906
26176	Scintillation in core	906
26176	Scintillation in core	906
26176	Scintillation in core	906
26176	Scintillation in core	906
26176	Scintillation in core	906
26176	Scintillation in core	929
26176	Scintillation in core	922
26176	Scintillation in core	940
26176	Scintillation in core	940
26176	Scintillation in core	955
26176	Scintillation in core	978
26176	Scintillation in core	978
26176	Scintillation in core	1078
26176	Scintillation in core	1064
26176	Scintillation in core	1041
26176	Scintillation in core	1041
26176	Scintillation in core	1041
26176	Scintillation in core	1041
26176	Scintillation in core	1029
26176	Scintillation in core	1029
26176	Scintillation in core	1029
26176	Scintillation in core	1018
26176	Scintillation in core	1018
26176	Scintillation in core	1108
26176	Scintillation in core	1103
26176	Scintillation in core	1098
26176	Scintillation in core	1123
26176	Scintillation in core	1123
26176	Scintillation in core	1123
26176	Scintillation in core	1123
26176	Scintillation in core	1121
26176	Scintillation in core	1119
26176	Scintillation in core	1119
26176	Scintillation in core	1119
26176	Scintillation in core	1242
26176	Scintillation in core	1238
26176	Scintillation in core	1234
26176	Scintillation in core	1208
26176	Scintillation in core	1206
26176	Scintillation in core	1206
26176	Scintillation in core	1201
26176	Scintillation in core	1201
26176	Scintillation in core	1181
26176	Scintillation in core	1181
26176	Scintillation in core	1181
26176	Scintillation in core	1181
26176	Scintillation in core	1181
26176	Scintillation in core	1181
26176	Scintillation in core	1174
26176	Scintillation in core	1162
26176	Scintillation in core	1155
26176	Scintillation in core	1155
26176	Scintillation in core	1155
26176	Scintillation in core	1155
26176	Scintillation in core	1155
26176	Scintillation in core	1155
26176	Scintillation in core	1155
26176	Scintillation in core	1155
26176	Scintillation in core	1148
26176	Scintillation in core	1138
26176	Scintillation in core	1269
26176	Scintillation in core	1264
26176	Scintillation in core	1337
26176	Scintillation in core	1337
26176	Scintillation in core	1337
26176	Scintillation in core	1337
26176	Scintillation in core	1325
26176	Scintillation in core	1324
26176	Scintillation in core	1324
26176	Scintillation in core	1324
26176	Scintillation in core	1324
26176	Scintillation in core	1324
26176	Scintillation in core	1324
26176	Scintillation in core	1324
26176	Scintillation in core	1324
26176	Scintillation in core	1324
26176	Scintillation in core	1324
26176	Scintillation in core	1313
26176	Scintillation in core	1297
26176	Scintillation in core	1296
26176	Scintillation in core	1296
26176	Scintillation in core	1290
26176	Scintillation in core	1285
26176	Cerenkov in core	1277
26176	Scintillation in core	1365
26176	Scintillation in core	1416
26176	Scintillation in core	1402
26176	Scintillation in core	1392
26176	Scintillation in core	1392
26176	Scintillation in core	1392
26176	Scintillation in core	1392
26176	Scintillation in core	1387
26176	Scintillation in core	1382
26176	Scintillation in core	1374
26176	Scintillation in core	1374
26176	Scintillation in core	1374
26176	Scintillation in core	1374
26176	Scintillation in core	1431
26176	Scintillation in core	1431
26176	Scintillation in core	1431
26176	Scintillation in core	1431
26176	Scintillation in core	1486
26176	Scintillation in core	1486
26176	Scintillation in core	1486
26176	Scintillation in core	1462
26176	Scintillation in core	1511
26176	Scintillation in core	1510
26176	Scintillation in core	1510
26176	Scintillation in core	1507
26176	Scintillation in core	1507
26176	Scintillation in core	1507
26176	Scintillation in core	1503
26176	Scintillation in core	1501
26176	Scintillation in core	1501
26176	Scintillation in core	1501
26176	Scintillation in core	1501
26176	Scintillation in core	1501
26176	Scintillation in core	1608
26176	Scintillation in core	1608
26176	Scintillation in core	1608
26176	Scintillation in core	1608
26176	Scintillation in core	1580
26176	Scintillation in core	1578
26176	Scintillation in core	1575
26176	Scintillation in core	1572
26176	Scintillation in core	1555
26176	Scintillation in core	1543
26176	Scintillation in core	1533
26176	Scintillation in core	1533
26176	Scintillation in core	1533
26176	Cerenkov in core	1529
26176	Scintillation in core	1631
26176	Scintillation in core	1631
26176	Scintillation in core	1631
26176	Scintillation in core	1631
26176	Scintillation in core	1631
26176	Scintillation in core	1655
26176	Scintillation in core	1655
26176	Scintillation in core	1638
26176	Scintillation in core	1676
26176	Scintillation in core	1674
26176	Scintillation in core	1795
26176	Scintillation in core	1795
26176	Scintillation in core	1793
26176	Scintillation in core	1793
26176	Scintillation in core	1793
26176	Scintillation in core	1793
26176	Scintillation in core	1780
26176	Scintillation in core	1764
26176	Scintillation in core	1760
26176	Scintillation in core	1760
26176	Scintillation in core	1755
26176	Scintillation in core	1755
26176	Scintillation in core	1750
26176	Scintillation in core	1746
26176	Scintillation in core	1746
26176	Scintillation in core	1746
26176	Scintillation in core	1746
26176	Scintillation in core	1746
26176	Scintillation in core	1746
26176	Scintillation in core	1746
26176	Scintillation in core	1746
26176	Scintillation in core	1730
26176	Scintillation in core	1843
26176	Scintillation in core	1843
26176	Scintillation in core	1816
26176	Scintillation in core	1873
26176	Scintillation in core	1877
26176	Scintillation in core	1877
26176	Scintillation in core	1922
26176	Scintillation in core	1922
26176	Scintillation in core	1922
26176	Scintillation in core	1954
26176	Scintillation in core	1945
26176	Scintillation in core	1956
26176	Scintillation in core	1956
26176	Scintillation in core	1956
26176	Scintillation in core	1956
26176	Scintillation in core	1956
26176	Scintillation in core	1956
26176	Scintillation in core	1956
26176	Scintillation in core	1975
26176	Scintillation in core	1975
26176	Scintillation in core	1975
26176	Scintillation in core	1975
26176	Scintillation in core	1972
26176	Scintillation in core	1990
26176	Scintillation in core	1989
26176	Scintillation in core	2001
26176	Scintillation in core	2009
26176	Scintillation in core	2009
26176	Scintillation in core	2009
26176	Scintillation in core	2009
26176	Scintillation in core	2009
26176	Scintillation in core	2047
26176	Scintillation in core	2028
26176	Scintillation in core	2159
26176	Scintillation in core	2143
26176	Scintillation in core	2132
26176	Scintillation in core	2119
26176	Scintillation in core	2115
26176	Scintillation in core	2112
26176	Scintillation in core	2109
26176	Scintillation in core	2083
26176	Scintillation in core	2083
26176	Scintillation in core	2067
26176	Cerenkov in core	2060
26176	Scintillation in core	2179
26176	Scintillation in core	2170
26176	Scintillation in core	2165
26176	Scintillation in core	2164
26176	Scintillation in core	2161
26176	Scintillation in core	2184
26176	Scintillation in core	2184
26176	Scintillation in core	2184
26176	Scintillation in core	2184
26176	Scintillation in core	2338
26176	Scintillation in core	2335
26176	Scintillation in core	2333
26176	Scintillation in core	2333
26176	Scintillation in core	2333
26176	Scintillation in core	2316
26176	Scintillation in core	2306
26176	Scintillation in core	2305
26176	Scintillation in core	2305
26176	Scintillation in core	2305
26176	Scintillation in core	2305
26176	Scintillation in core	2305
26176	Scintillation in core	2305
26176	Scintillation in core	2302
26176	Scintillation in core	2297
26176	Scintillation in core	2297
26176	Scintillation in core	2296
26176	Scintillation in core	2289
26176	Scintillation in core	2287
26176	Scintillation in core	2287
26176	Scintillation in core	2287
26176	Scintillation in core	2287
26176	Scintillation in core	2285
26176	Scintillation in core	2285
26176	Scintillation in core	2283
26176	Scintillation in core	2279
26176	Scintillation in core	2279
26176	Scintillation in core	2279
26176	Scintillation in core	2279
26176	Scintillation in core	2278
26176	Scintillation in core	2258
26176	Scintillation in core	2254
26176	Scintillation in core	2238
26176	Scintillation in core	2211
26176	Cerenkov in core	2198
26176	Cerenkov in core	2197
26176	Cerenkov in core	2195
26176	Cerenkov in core	2188
26176	Scintillation in core	2367
26176	Scintillation in core	2364
26176	Scintillation in core	2348
26176	Scintillation in core	2347
26176	Scintillation in core	2347
26176	Scintillation in core	2347
26176	Scintillation in core	2612
26176	Scintillation in core	2604
26176	Scintillation in core	2604
26176	Scintillation in core	2604
26176	Scintillation in core	2604
26176	Scintillation in core	2590
26176	Scintillation in core	2553
26176	Scintillation in core	2544
26176	Scintillation in core	2535
26176	Scintillation in core	2532
26176	Scintillation in core	2513
26176	Scintillation in core	2503
26176	Scintillation in core	2500
26176	Scintillation in core	2488
26176	Scintillation in core	2486
26176	Scintillation in core	2486
26176	Scintillation in core	2479
26176	Scintillation in core	2474
26176	Scintillation in core	2462
26176	Scintillation in core	2462
26176	Scintillation in core	2462
26176	Scintillation in core	2462
26176	Scintillation in core	2462
26176	Scintillation in core	2442
26176	Scintillation in core	2442
26176	Scintillation in core	2442
26176	Scintillation in core	2438
26176	Scintillation in core	2438
26176	Scintillation in core	2424
26176	Scintillation in core	2424
26176	Scintillation in core	2424
26176	Scintillation in core	2412
26176	Scintillation in core	2406
26176	Scintillation in core	2397
26176	Scintillation in core	2397
26176	Scintillation in core	2387
26176	Cerenkov in core	2374
26176	Scintillation in core	2630
26176	Scintillation in core	2630
26176	Scintillation in core	2630
26176	Scintillation in core	2630
26176	Scintillation in core	2630
26176	Scintillation in core	2628
26176	Scintillation in core	2648
26176	Scintillation in core	2639
26176	Scintillation in core	2639
26176	Scintillation in core	2639
26176	Scintillation in core	2639
26176	Scintillation in core	2639
26176	Scintillation in core	2639
26176	Scintillation in core	2637
26176	Scintillation in core	2666
26176	Scintillation in core	2666
26176	Scintillation in core	2666
26176	Scintillation in core	2666
26176	Scintillation in core	2666
26176	Scintillation in core	2666
26176	Scintillation in core	2666
26176	Scintillation in core	2666
26176	Scintillation in core	2666
26176	Scintillation in core	2666
26176	Scintillation in core	2666
26176	Scintillation in core	2660
26176	Scintillation in core	2652
26176	Scintillation in core	2691
26176	Scintillation in core	2687
26176	Scintillation in core	2684
26176	Scintillation in core	2710
26176	Scintillation in core	2714
26176	Scintillation in core	2739
26176	Scintillation in core	2723
26176	Scintillation in core	2723
26176	Scintillation in core	2751
26176	Scintillation in core	2751
26176	Scintillation in core	2745
26176	Scintillation in core	2745
26176	Scintillation in core	2745
26176	Scintillation in core	2762
26176	Scintillation in core	2762
26176	Scintillation in core	2762
26176	Scintillation in core	2762
26176	Scintillation in core	2762
26176	Scintillation in core	2785
26176	Scintillation in core	2789
26176	Scintillation in core	2789
26176	Scintillation in core	2789
26176	Scintillation in core	2789
26176	Scintillation in core	2811
26176	Scintillation in core	2807
26176	Scintillation in core	2800
26176	Scintillation in core	2798
26176	Scintillation in core	2817
26176	Scintillation in core	2839
26176	Scintillation in core	2955
26176	Scintillation in core	2954
26176	Scintillation in core	2946
26176	Scintillation in core	2946
26176	Scintillation in core	2946
26176	Scintillation in core	2946
26176	Scintillation in core	2946
26176	Scintillation in core	2946
26176	Scintillation in core	2946
26176	Scintillation in core	2946
26176	Scintillation in core	2944
26176	Scintillation in core	2942
26176	Scintillation in core	2942
26176	Scintillation in core	2942
26176	Scintillation in core	2940
26176	Scintillation in core	2936
26176	Scintillation in core	2936
26176	Scintillation in core	2936
26176	Scintillation in core	2936
26176	Scintillation in core	2936
26176	Scintillation in core	2936
26176	Scintillation in core	2926
26176	Scintillation in core	2910
26176	Scintillation in core	2908
26176	Scintillation in core	2894
26176	Scintillation in core	2988
26176	Scintillation in core	2988
26176	Scintillation in core	3030
26176	Scintillation in core	3117
26176	Scintillation in core	3115
26176	Scintillation in core	3108
26176	Scintillation in core	3099
26176	Scintillation in core	3095
26176	Scintillation in core	3079
26176	Scintillation in core	3079
26176	Scintillation in core	3079
26176	Scintillation in core	3079
26176	Scintillation in core	3063
26176	Scintillation in core	3059
26176	Scintillation in core	3055
26176	Scintillation in core	3046
26176	Scintillation in core	3044
26176	Scintillation in core	3044
26176	Scintillation in core	3044
26176	Scintillation in core	3044
26176	Scintillation in core	3044
26176	Scintillation in core	3044
26176	Scintillation in core	3044
26176	Scintillation in core	3044
26176	Scintillation in core	3044
26176	Scintillation in core	3339
26176	Scintillation in core	3326
26176	Scintillation in core	3299
26176	Scintillation in core	3295
26176	Scintillation in core	3278
26176	Scintillation in core	3271
26176	Scintillation in core	3270
26176	Scintillation in core	3269
26176	Scintillation in core	3260
26176	Scintillation in core	3260
26176	Scintillation in core	3260
26176	Scintillation in core	3260
26176	Scintillation in core	3249
26176	Scintillation in core	3239
26176	Scintillation in core	3233
26176	Scintillation in core	3233
26176	Scintillation in core	3233
26176	Scintillation in core	3233
26176	Scintillation in core	3233
26176	Scintillation in core	3233
26176	Scintillation in core	3217
26176	Scintillation in core	3217
26176	Scintillation in core	3217
26176	Scintillation in core	3215
26176	Scintillation in core	3215
26176	Scintillation in core	3215
26176	Scintillation in core	3215
26176	Scintillation in core	3215
26176	Scintillation in core	3206
26176	Scintillation in core	3202
26176	Scintillation in core	3202
26176	Scintillation in core	3202
26176	Scintillation in core	3202
26176	Scintillation in core	3202
26176	Scintillation in core	3202
26176	Scintillation in core	3202
26176	Scintillation in core	3202
26176	Scintillation in core	3168
26176	Scintillation in core	3159
26176	Scintillation in core	3155
26176	Scintillation in core	3155
26176	Scintillation in core	3146
26176	Scintillation in core	3146
26176	Scintillation in core	3146
26176	Scintillation in core	3146
26176	Scintillation in core	3349
26176	Scintillation in core	3454
26176	Scintillation in core	3453
26176	Scintillation in core	3453
26176	Scintillation in core	3453
26176	Scintillation in core	3453
26176	Scintillation in core	3448
26176	Scintillation in core	3448
26176	Scintillation in core	3448
26176	Scintillation in core	3448
26176	Scintillation in core	3448
26176	Scintillation in core	3446
26176	Scintillation in core	3446
26176	Scintillation in core	3446
26176	Scintillation in core	3446
26176	Scintillation in core	3446
26176	Scintillation in core	3446
26176	Scintillation in core	3441
26176	Scintillation in core	3433
26176	Scintillation in core	3410
26176	Scintillation in core	3391
26176	Scintillation in core	3704
26176	Scintillation in core	3704
26176	Scintillation in core	3697
26176	Scintillation in core	3690
26176	Scintillation in core	3690
26176	Scintillation in core	3690
26176	Scintillation in core	3690
26176	Scintillation in core	3690
26176	Scintillation in core	3690
26176	Scintillation in core	3690
26176	Scintillation in core	3667
26176	Scintillation in core	3642
26176	Scintillation in core	3641
26176	Scintillation in core	3641
26176	Scintillation in core	3641
26176	Scintillation in core	3641
26176	Scintillation in core	3640
26176	Scintillation in core	3640
26176	Scintillation in core	3632
26176	Scintillation in core	3617
26176	Scintillation in core	3617
26176	Scintillation in core	3617
26176	Scintillation in core	3617
26176	Scintillation in core	3617
26176	Scintillation in core	3617
26176	Scintillation in core	3617
26176	Scintillation in core	3612
26176	Scintillation in core	3594
26176	Scintillation in core	3562
26176	Scintillation in core	3562
26176	Scintillation in core	3562
26176	Scintillation in core	3562
26176	Scintillation in core	3562
26176	Scintillation in core	3548
26176	Scintillation in core	3548
26176	Scintillation in core	3548
26176	Scintillation in core	3546
26176	Scintillation in core	3536
26176	Scintillation in core	3536
26176	Scintillation in core	3536
26176	Scintillation in core	3536
26176	Scintillation in core	3534
26176	Scintillation in core	3521
26176	Scintillation in core	3521
26176	Cerenkov in core	3498
26176	Cerenkov in core	3498
26176	Cerenkov in core	3498
26176	Cerenkov in core	3498
26176	Cerenkov in core	3498
26176	Cerenkov in core	3498
26176	Cerenkov in core	3498
26176	Cerenkov in core	3498
26176	Cerenkov in core	3494
26176	Cerenkov in core	3494
26176	Cerenkov in core	3493
26176	Scintillation in core	3724
26176	Scintillation in core	3747
26176	Scintillation in core	3747
26176	Scintillation in core	3747
26176	Scintillation in core	3747
26176	Scintillation in core	3744
26176	Scintillation in core	3741
26176	Scintillation in core	3739
26176	Scintillation in core	3736
26176	Scintillation in core	3801
26176	Scintillation in core	3797
26176	Scintillation in core	3797
26176	Scintillation in core	3789
26176	Scintillation in core	3786
26176	Scintillation in core	3786
26176	Scintillation in core	3786
26176	Scintillation in core	3786
26176	Scintillation in core	3786
26176	Scintillation in core	3786
26176	Scintillation in core	3786
26176	Scintillation in core	3786
26176	Scintillation in core	3786
26176	Scintillation in core	3812
26176	Scintillation in core	3812
26176	Scintillation in core	3812
26176	Scintillation in core	3812
26176	Scintillation in core	3843
26176	Scintillation in core	3824
26176	Scintillation in core	3822
26176	Scintillation in core	3847
26176	Scintillation in core	3845
26176	Scintillation in core	3950
26176	Scintillation in core	3949
26176	Scintillation in core	3949
26176	Scintillation in core	3949
26176	Scintillation in core	3949
26176	Scintillation in core	3949
26176	Scintillation in core	3933
26176	Scintillation in core	3900
26176	Scintillation in core	3891
26176	Scintillation in core	3890
26176	Scintillation in core	3877
26176	Scintillation in core	3864
26176	Scintillation in core	3863
26176	Scintillation in core	3863
26176	Scintillation in core	3863
26176	Scintillation in core	3863
26176	Scintillation in core	3860
26176	Scintillation in core	3858
26176	Scintillation in core	3858
26176	Scintillation in core	3858
26176	Scintillation in core	3963
26176	Scintillation in core	4023
26176	Scintillation in core	3972
26176	Scintillation in core	4066
26176	Scintillation in core	4064
26176	Scintillation in core	4061
26176	Scintillation in core	4057
26176	Scintillation in core	4054
26176	Scintillation in core	4044
26176	Scintillation in core	4037
26176	Scintillation in core	4037
26176	Scintillation in core	4081
26176	Scintillation in core	4090
26176	Scintillation in core	4090
26176	Scintillation in core	4090
26176	Scintillation in core	4090
26176	Scintillation in core	4090
26176	Scintillation in core	4090
26176	Scintillation in core	4090
26176	Scintillation in core	4094
26176	Scintillation in core	4232
26176	Scintillation in core	4229
26176	Scintillation in core	4217
26176	Scintillation in core	4217
26176	Scintillation in core	4217
26176	Scintillation in core	4217
26176	Scintillation in core	4217
26176	Scintillation in core	4199
26176	Scintillation in core	4193
26176	Scintillation in core	4182
26176	Scintillation in core	4177
26176	Scintillation in core	4177
26176	Scintillation in core	4177
26176	Scintillation in core	4177
26176	Scintillation in core	4177
26176	Scintillation in core	4177
26176	Scintillation in core	4177
26176	Scintillation in core	4177
26176	Scintillation in core	4173
26176	Scintillation in core	4171
26176	Scintillation in core	4149
26176	Scintillation in core	4141
26176	Scintillation in core	4141
26176	Scintillation in core	4141
26176	Scintillation in core	4141
26176	Scintillation in core	4141
26176	Scintillation in core	4141
26176	Scintillation in core	4129
26176	Scintillation in core	4129
26176	Scintillation in core	4129
26176	Scintillation in core	4129
26176	Scintillation in core	4129
26176	Scintillation in core	4129
26176	Scintillation in core	4129
26176	Scintillation in core	4129
26176	Scintillation in core	4285
26176	Scintillation in core	4279
26176	Scintillation in core	4279
26176	Scintillation in core	4279
26176	Scintillation in core	4279
26176	Scintillation in core	4279
26176	Scintillation in core	4279
26176	Scintillation in core	4251
26176	Scintillation in core	4251
26176	Scintillation in core	4251
26176	Scintillation in core	4290
26176	Scintillation in core	4290
26176	Scintillation in core	4290
26176	Scintillation in core	4340
26176	Scintillation in core	4340
26176	Scintillation in core	4340
26176	Scintillation in core	4340
26176	Scintillation in core	4340
26176	Scintillation in core	4339
26176	Scintillation in core	4338
26176	Scintillation in core	4338
26176	Scintillation in core	4338
26176	Scintillation in core	4330
26176	Scintillation in core	4329
26176	Scintillation in core	4318
26176	Scintillation in core	4314
26176	Scintillation in core	4409
26176	Scintillation in core	4389
26176	Scintillation in core	4389
26176	Scintillation in core	4389
26176	Scintillation in core	4380
26176	Scintillation in core	4379
26176	Scintillation in core	4378
26176	Scintillation in core	4378
26176	Scintillation in core	4378
26176	Scintillation in core	4378
26176	Scintillation in core	4373
26176	Scintillation in core	4366
26176	Scintillation in core	4362
26176	Scintillation in core	4420
26821	Cerenkov in core	118
26841	Cerenkov in core	690
26875	Cerenkov in core	160
26875	Cerenkov in core	768
27644	Cerenkov in core	215
27644	Cerenkov in core	212
28545	Cerenkov in core	162
28571	Cerenkov in core	408
28575	Scintillation in core	516
28575	Scintillation in core	528
28575	Scintillation in core	527
28575	Scintillation in core	552
28575	Scintillation in core	552
28575	Scintillation in core	588
28575	Scintillation in core	592
28575	Scintillation in core	592
28575	Scintillation in core	594
28575	Scintillation in core	615
28575	Scintillation in core	615
28575	Scintillation in core	615
28575	Scintillation in core	615
28575	Scintillation in core	605
28575	Scintillation in core	677
28575	Scintillation in core	660
28575	Scintillation in core	627
28575	Scintillation in core	627
28575	Scintillation in core	627
28575	Scintillation in core	627
28575	Scintillation in core	627
28575	Scintillation in core	702
28575	Scintillation in core	702
28575	Scintillation in core	702
28575	Scintillation in core	702
28575	Scintillation in core	702
28575	Scintillation in core	727
28575	Scintillation in core	725
28575	Scintillation in core	725
28575	Scintillation in core	725
28575	Scintillation in core	725
28575	Scintillation in core	725
28575	Scintillation in core	717
28575	Scintillation in core	709
28575	Scintillation in core	709
28575	Scintillation in core	709
28575	Scintillation in core	709
28575	Scintillation in core	709
28575	Scintillation in core	709
28575	Scintillation in core	708
28575	Scintillation in core	704
28575	Scintillation in core	776
28575	Scintillation in core	773
28575	Scintillation in core	767
28575	Scintillation in core	767
28575	Scintillation in core	767
28575	Scintillation in core	767
28575	Scintillation in core	767
28575	Scintillation in core	767
28575	Scintillation in core	764
28575	Scintillation in core	764
28575	Scintillation in core	764
28575	Scintillation in core	764
28575	Scintillation in core	764
28575	Scintillation in core	764
28575	Scintillation in core	764
28575	Scintillation in core	764
28575	Scintillation in core	761
28575	Scintillation in core	759
28575	Scintillation in core	730
28575	Scintillation in core	808
28575	Scintillation in core	808
28575	Scintillation in core	822
28575	Scintillation in core	822
28575	Scintillation in core	822
28575	Scintillation in core	822
28575	Scintillation in core	863
28575	Scintillation in core	863
28575	Scintillation in core	829
28575	Scintillation in core	870
28575	Scintillation in core	869
28575	Scintillation in core	864
28575	Scintillation in core	907
28575	Scintillation in core	980
28575	Scintillation in core	976
28575	Scintillation in core	976
28575	Scintillation in core	976
28575	Scintillation in core	976
28575	Scintillation in core	976
28575	Scintillation in core	965
28575	Scintillation in core	960
28575	Scintillation in core	960
28575	Scintillation in core	940
28575	Scintillation in core	937
28575	Scintillation in core	922
28575	Scintillation in core	1021
28575	Scintillation in core	1029
28575	Scintillation in core	1029
28575	Scintillation in core	1029
28575	Scintillation in core	1028
28575	Scintillation in core	1027
28575	Scintillation in core	1027
28575	Scintillation in core	1027
28575	Scintillation in core	1027
28575	Scintillation in core	1027
28575	Scintillation in core	1027
28575	Scintillation in core	1186
28575	Scintillation in core	1185
28575	Scintillation in core	1182
28575	Scintillation in core	1182
28575	Scintillation in core	1177
28575	Scintillation in core	1167
28575	Scintillation in core	1145
28575	Scintillation in core	1142
28575	Scintillation in core	1142
28575	Scintillation in core	1142
28575	Scintillation in core	1142
28575	Scintillation in core	1138
28575	Scintillation in core	1135
28575	Scintillation in core	1135
28575	Scintillation in core	1135
28575	Scintillation in core	1135
28575	Scintillation in core	1069
28575	Scintillation in core	1051
28575	Scintillation in core	1051
28575	Scintillation in core	1051
28575	Cerenkov in core	1039
28575	Cerenkov in core	1039
28575	Cerenkov in core	1039
28575	Scintillation in core	1190
28575	Scintillation in core	1190
28575	Scintillation in core	1190
28575	Scintillation in core	1190
28575	Scintillation in core	1190
28575	Scintillation in core	1248
28575	Scintillation in core	1241
28575	Scintillation in core	1241
28575	Scintillation in core	1231
28575	Scintillation in core	1231
28575	Scintillation in core	1231
28575	Scintillation in core	1231
28575	Scintillation in core	1231
28575	Scintillation in core	1215
28575	Scintillation in core	1215
28575	Scintillation in core	1215
28575	Scintillation in core	1215
28575	Scintillation in core	1215
28575	Scintillation in core	1215
28575	Scintillation in core	1215
28575	Scintillation in core	1215
28575	Scintillation in core	1213
28575	Scintillation in core	1199
28575	Scintillation in core	1199
28575	Scintillation in core	1199
28575	Scintillation in core	1197
28575	Scintillation in core	1300
28575	Scintillation in core	1298
28575	Scintillation in core	1281
28575	Scintillation in core	1277
28575	Scintillation in core	1270
28575	Scintillation in core	1327
28575	Scintillation in core	1324
28575	Scintillation in core	1324
28575	Scintillation in core	1324
28575	Scintillation in core	1324
28575	Scintillation in core	1321
28575	Scintillation in core	1444
28575	Scintillation in core	1418
28575	Scintillation in core	1390
28575	Scintillation in core	1379
28575	Scintillation in core	1365
28575	Scintillation in core	1356
28575	Scintillation in core	1356
28575	Scintillation in core	1356
28575	Scintillation in core	1355
28575	Scintillation in core	1488
28575	Scintillation in core	1486
28575	Scintillation in core	1486
28575	Scintillation in core	1551
28575	Scintillation in core	1539
28575	Scintillation in core	1539
28575	Scintillation in core	1530
28575	Scintillation in core	1530
28575	Scintillation in core	1529
28575	Scintillation in core	1529
28575	Scintillation in core	1529
28575	Scintillation in core	1514
28575	Scintillation in core	1604
28575	Scintillation in core	1590
28575	Scintillation in core	1587
28575	Scintillation in core	1761
28575	Scintillation in core	1761
28575	Scintillation in core	1761
28575	Scintillation in core	1761
28575	Scintillation in core	1761
28575	Scintillation in core	1761
28575	Scintillation in core	1761
28575	Scintillation in core	1740
28575	Scintillation in core	1732
28575	Scintillation in core	1731
28575	Scintillation in core	1713
28575	Scintillation in core	1699
28575	Scintillation in core	1699
28575	Scintillation in core	1695
28575	Scintillation in core	1695
28575	Scintillation in core	1695
28575	Scintillation in core	1695
28575	Scintillation in core	1695
28575	Scintillation in core	1694
28575	Scintillation in core	1694
28575	Scintillation in core	1694
28575	Scintillation in core	1689
28575	Scintillation in core	1689
28575	Scintillation in core	1679
28575	Scintillation in core	1679
28575	Scintillation in core	1679
28575	Scintillation in core	1678
28575	Scintillation in core	1678
28575	Scintillation in core	1678
28575	Scintillation in core	1678
28575	Scintillation in core	1678
28575	Scintillation in core	1676
28575	Scintillation in core	1676
28575	Scintillation in core	1672
28575	Scintillation in core	1672
28575	Scintillation in core	1672
28575	Scintillation in core	1672
28575	Scintillation in core	1667
28575	Scintillation in core	1653
28575	Scintillation in core	1653
28575	Scintillation in core	1647
28575	Scintillation in core	1647
28575	Scintillation in core	1647
28575	Scintillation in core	1647
28575	Scintillation in core	1644
28575	Scintillation in core	1644
28575	Scintillation in core	1640
28575	Scintillation in core	1640
28575	Scintillation in core	1640
28575	Scintillation in core	1640
28575	Scintillation in core	1640
28575	Scintillation in core	1639
28575	Scintillation in core	1623
28575	Scintillation in core	1862
28575	Scintillation in core	1862
28575	Scintillation in core	1850
28575	Scintillation in core	1837
28575	Scintillation in core	1830
28575	Scintillation in core	1830
28575	Scintillation in core	1820
28575	Scintillation in core	1797
28575	Scintillation in core	1797
28575	Scintillation in core	1797
28575	Scintillation in core	1797
28575	Scintillation in core	1788
28575	Scintillation in core	1782
28575	Scintillation in core	1782
28575	Scintillation in core	1894
28575	Scintillation in core	1894
28575	Scintillation in core	1894
28575	Scintillation in core	1894
28575	Scintillation in core	1894
28575	Scintillation in core	1894
28575	Scintillation in core	1890
28575	Scintillation in core	1875
28575	Scintillation in core	1872
28575	Scintillation in core	1895
28575	Scintillation in core	1895
28575	Scintillation in core	1895
28575	Scintillation in core	1895
28575	Scintillation in core	1895
28575	Scintillation in core	1895
28575	Scintillation in core	1895
28575	Scintillation in core	1895
28575	Scintillation in core	1895
28575	Scintillation in core	1913
28575	Scintillation in core	1913
28575	Scintillation in core	1913
28575	Scintillation in core	1903
28575	Scintillation in core	1948
28575	Scintillation in core	1936
28575	Scintillation in core	1936
28575	Scintillation in core	1936
28575	Scintillation in core	1931
28575	Scintillation in core	1955
28575	Scintillation in core	1955
28575	Scintillation in core	1963
28575	Scintillation in core	1993
28575	Scintillation in core	1993
28575	Scintillation in core	1993
28575	Scintillation in core	1993
28575	Scintillation in core	1993
28575	Scintillation in core	1993
28575	Scintillation in core	1992
28575	Scintillation in core	1992
28575	Scintillation in core	1992
28575	Scintillation in core	1992
28575	Scintillation in core	1992
28575	Scintillation in core	2003
28575	Scintillation in core	2003
28575	Scintillation in core	2003
28575	Scintillation in core	2003
28575	Scintillation in core	2003
28575	Scintillation in core	2025
28575	Scintillation in core	2023
28575	Scintillation in core	2078
28575	Scintillation in core	2078
28575	Scintillation in core	2078
28575	Scintillation in core	2073
28575	Scintillation in core	2072
28575	Scintillation in core	2101
28575	Scintillation in core	2111
28575	Scintillation in core	2121
28575	Scintillation in core	2120
28575	Scintillation in core	2131
28575	Scintillation in core	2127
28575	Scintillation in core	2154
28575	Scintillation in core	2158
28575	Scintillation in core	2158
28575	Scintillation in core	2158
28575	Scintillation in core	2158
28575	Scintillation in core	2224
28575	Scintillation in core	2210
28575	Scintillation in core	2205
28575	Scintillation in core	2195
28575	Scintillation in core	2183
28575	Scintillation in core	2183
28575	Scintillation in core	2183
28575	Scintillation in core	2183
28575	Scintillation in core	2183
28575	Scintillation in core	2183
28575	Scintillation in core	2183
28575	Scintillation in core	2170
28575	Scintillation in core	2226
28575	Scintillation in core	2227
28575	Scintillation in core	2227
28575	Scintillation in core	2234
28575	Scintillation in core	2233
28575	Scintillation in core	2249
28575	Scintillation in core	2265
28575	Scintillation in core	2265
28575	Scintillation in core	2265
28575	Scintillation in core	2265
28575	Scintillation in core	2265
28575	Scintillation in core	2303
28575	Scintillation in core	2299
28575	Scintillation in core	2361
28575	Scintillation in core	2351
28575	Scintillation in core	2351
28575	Scintillation in core	2351
28575	Scintillation in core	2364
28575	Scintillation in core	2364
28575	Scintillation in core	2364
28575	Scintillation in core	2364
28575	Scintillation in core	2364
28575	Scintillation in core	2364
28575	Scintillation in core	2376
28575	Scintillation in core	2376
28575	Scintillation in core	2376
28575	Scintillation in core	2376
28575	Scintillation in core	2430
28575	Scintillation in core	2429
28575	Scintillation in core	2457
28575	Scintillation in core	2457
28575	Scintillation in core	2457
28575	Scintillation in core	2457
28575	Scintillation in core	2457
28575	Scintillation in core	2457
28575	Scintillation in core	2457
28575	Scintillation in core	2457
28575	Scintillation in core	2477
28575	Scintillation in core	2477
28575	Scintillation in core	2477
28575	Scintillation in core	2477
28575	Scintillation in core	2477
28575	Scintillation in core	2477
28575	Scintillation in core	2477
28575	Scintillation in core	2477
28575	Scintillation in core	2477
28575	Scintillation in core	2477
28575	Scintillation in core	2545
28575	Scintillation in core	2536
28575	Scintillation in core	2517
28575	Scintillation in core	2512
28575	Scintillation in core	2484
28575	Scintillation in core	2656
28575	Scintillation in core	2655
28575	Scintillation in core	2651
28575	Scintillation in core	2651
28575	Scintillation in core	2651
28575	Scintillation in core	2651
28575	Scintillation in core	2650
28575	Scintillation in core	2642
28575	Scintillation in core	2641
28575	Scintillation in core	2641
28575	Scintillation in core	2641
28575	Scintillation in core	2641
28575	Scintillation in core	2641
28575	Scintillation in core	2641
28575	Scintillation in core	2641
28575	Scintillation in core	2639
28575	Scintillation in core	2630
28575	Scintillation in core	2570
28575	Scintillation in core	2569
28575	Scintillation in core	2566
28575	Scintillation in core	2559
28575	Scintillation in core	2678
28575	Scintillation in core	2703
28575	Scintillation in core	2703
28575	Scintillation in core	2702
28575	Scintillation in core	2693
28575	Scintillation in core	2754
28575	Scintillation in core	2740
28575	Scintillation in core	2726
28575	Scintillation in core	2723
28575	Scintillation in core	2723
28575	Scintillation in core	2723
28575	Scintillation in core	2723
28575	Scintillation in core	2723
28575	Scintillation in core	2723
28575	Scintillation in core	2723
28575	Scintillation in core	2723
28575	Scintillation in core	2723
28575	Scintillation in core	2713
28575	Scintillation in core	2713
28575	Scintillation in core	2713
28575	Scintillation in core	2713
28575	Scintillation in core	2708
28575	Scintillation in core	2850
28575	Scintillation in core	2844
28575	Scintillation in core	2835
28575	Scintillation in core	2835
28575	Scintillation in core	2835
28575	Scintillation in core	2835
28575	Scintillation in core	2835
28575	Scintillation in core	2835
28575	Scintillation in core	2835
28575	Scintillation in core	2835
28575	Scintillation in core	2832
28575	Scintillation in core	2810
28575	Scintillation in core	2810
28575	Scintillation in core	2810
28575	Scintillation in core	2810
28575	Scintillation in core	2810
28575	Scintillation in core	2810
28575	Scintillation in core	2810
28575	Scintillation in core	2809
28575	Scintillation in core	2804
28575	Scintillation in core	2804
28575	Scintillation in core	2799
28575	Scintillation in core	2796
28575	Scintillation in core	2853
28575	Scintillation in core	2868
28575	Scintillation in core	2868
28575	Scintillation in core	2868
28575	Scintillation in core	2868
28575	Scintillation in core	2887
28575	Scintillation in core	2887
28575	Scintillation in core	2895
28575	Scintillation in core	2993
28575	Scintillation in core	2988
28575	Scintillation in core	2986
28575	Scintillation in core	2952
28575	Scintillation in core	2917
28575	Scintillation in core	2909
28575	Scintillation in core	3049
28575	Scintillation in core	3194
28575	Scintillation in core	3192
28575	Scintillation in core	3192
28575	Scintillation in core	3192
28575	Scintillation in core	3192
28575	Scintillation in core	3192
28575	Scintillation in core	3192
28575	Scintillation in core	3192
28575	Scintillation in core	3192
28575	Scintillation in core	3192
28575	Scintillation in core	3188
28575	Scintillation in core	3181
28575	Scintillation in core	3181
28575	Scintillation in core	3181
28575	Scintillation in core	3161
28575	Scintillation in core	3155
28575	Scintillation in core	3145
28575	Scintillation in core	3138
28575	Scintillation in core	3131
28575	Scintillation in core	3122
28575	Scintillation in core	3122
28575	Scintillation in core	3104
28575	Scintillation in core	3097
28575	Scintillation in core	3097
28575	Scintillation in core	3097
28575	Scintillation in core	3086
28575	Scintillation in core	3082
28575	Scintillation in core	3246
28575	Scintillation in core	3229
28575	Scintillation in core	3265
28575	Scintillation in core	3265
28575	Scintillation in core	3265
28575	Scintillation in core	3265
28575	Scintillation in core	3265
28575	Scintillation in core	3265
28575	Scintillation in core	3265
28575	Scintillation in core	3265
28575	Scintillation in core	3312
28575	Scintillation in core	3310
28575	Scintillation in core	3305
28575	Scintillation in core	3305
28575	Scintillation in core	3305
28575	Scintillation in core	3300
28575	Scintillation in core	3300
28575	Scintillation in core	3300
28575	Scintillation in core	3300
28575	Scintillation in core	3300
28575	Scintillation in core	3300
28575	Scintillation in core	3300
28575	Scintillation in core	3300
28575	Scintillation in core	3296
28575	Scintillation in core	3296
28575	Scintillation in core	3296
28575	Scintillation in core	3296
28575	Scintillation in core	3296
28575	Scintillation in core	3296
28575	Scintillation in core	3296
28575	Scintillation in core	3266
28575	Scintillation in core	3523
28575	Scintillation in core	3519
28575	Scintillation in core	3516
28575	Scintillation in core	3516
28575	Scintillation in core	3516
28575	Scintillation in core	3516
28575	Scintillation in core	3516
28575	Scintillation in core	3501
28575	Scintillation in core	3501
28575	Scintillation in core	3501
28575	Scintillation in core	3491
28575	Scintillation in core	3478
28575	Scintillation in core	3460
28575	Scintillation in core	3428
28575	Scintillation in core	3428
28575	Scintillation in core	3426
28575	Scintillation in core	3418
28575	Scintillation in core	3418
28575	Scintillation in core	3418
28575	Scintillation in core	3418
28575	Scintillation in core	3418
28575	Scintillation in core	3410
28575	Scintillation in core	3403
28575	Scintillation in core	3403
28575	Scintillation in core	3403
28575	Scintillation in core	3376
28575	Scintillation in core	3371
28575	Scintillation in core	3370
28575	Scintillation in core	3359
28575	Scintillation in core	3359
28575	Scintillation in core	3356
28575	Scintillation in core	3348
28575	Scintillation in core	3345
28575	Scintillation in core	3333
28575	Scintillation in core	3542
28575	Scintillation in core	3542
28575	Scintillation in core	3542
28575	Scintillation in core	3539
28575	Scintillation in core	3536
28575	Scintillation in core	3534
28575	Scintillation in core	3534
28575	Scintillation in core	3534
28575	Scintillation in core	3534
28575	Scintillation in core	3534
28575	Scintillation in core	3534
28575	Scintillation in core	3531
28575	Scintillation in core	3661
28575	Scintillation in core	3661
28575	Scintillation in core	3661
28575	Scintillation in core	3661
28575	Scintillation in core	3661
28575	Scintillation in core	3661
28575	Scintillation in core	3661
28575	Scintillation in core	3661
28575	Scintillation in core	3661
28575	Scintillation in core	3661
28575	Scintillation in core	3659
28575	Scintillation in core	3599
28575	Scintillation in core	3596
28575	Scintillation in core	3571
28575	Scintillation in core	3570
28575	Scintillation in core	3693
28575	Scintillation in core	3685
28575	Scintillation in core	3698
28575	Scintillation in core	3708
28575	Scintillation in core	3936
28575	Scintillation in core	3919
28575	Scintillation in core	3914
28575	Scintillation in core	3914
28575	Scintillation in core	3906
28575	Scintillation in core	3890
28575	Scintillation in core	3890
28575	Scintillation in core	3890
28575	Scintillation in core	3890
28575	Scintillation in core	3885
28575	Scintillation in core	3864
28575	Scintillation in core	3861
28575	Scintillation in core	3861
28575	Scintillation in core	3861
28575	Scintillation in core	3849
28575	Scintillation in core	3846
28575	Scintillation in core	3814
28575	Scintillation in core	3814
28575	Scintillation in core	3814
28575	Scintillation in core	3814
28575	Scintillation in core	3814
28575	Scintillation in core	3793
28575	Scintillation in core	3793
28575	Scintillation in core	3791
28575	Scintillation in core	3786
28575	Scintillation in core	3786
28575	Scintillation in core	3782
28575	Scintillation in core	3954
28575	Scintillation in core	3980
28575	Scintillation in core	4317
28575	Scintillation in core	4317
28575	Scintillation in core	4290
28575	Scintillation in core	4285
28575	Scintillation in core	4285
28575	Scintillation in core	4285
28575	Scintillation in core	4265
28575	Scintillation in core	4265
28575	Scintillation in core	4262
28575	Scintillation in core	4261
28575	Scintillation in core	4261
28575	Scintillation in core	4261
28575	Scintillation in core	4261
28575	Scintillation in core	4261
28575	Scintillation in core	4217
28575	Scintillation in core	4194
28575	Scintillation in core	4194
28575	Scintillation in core	4194
28575	Scintillation in core	4194
28575	Scintillation in core	4194
28575	Scintillation in core	4194
28575	Scintillation in core	4194
28575	Scintillation in core	4194
28575	Scintillation in core	4191
28575	Scintillation in core	4173
28575	Scintillation in core	4173
28575	Scintillation in core	4173
28575	Scintillation in core	4152
28575	Scintillation in core	4147
28575	Scintillation in core	4147
28575	Scintillation in core	4147
28575	Scintillation in core	4147
28575	Scintillation in core	4147
28575	Scintillation in core	4133
28575	Scintillation in core	4133
28575	Scintillation in core	4133
28575	Scintillation in core	4133
28575	Scintillation in core	4133
28575	Scintillation in core	4133
28575	Scintillation in core	4133
28575	Scintillation in core	4120
28575	Scintillation in core	4112
28575	Scintillation in core	4112
28575	Scintillation in core	4112
28575	Scintillation in core	4112
28575	Scintillation in core	4112
28575	Scintillation in core	4090
28575	Scintillation in core	4090
28575	Scintillation in core	4090
28575	Scintillation in core	4090
28575	Scintillation in core	4090
28575	Scintillation in core	4077
28575	Scintillation in core	4077
28575	Scintillation in core	4077
28575	Scintillation in core	4077
28575	Scintillation in core	4077
28575	Scintillation in core	4049
28575	Scintillation in core	4033
28575	Scintillation in core	4018
28575	Scintillation in core	4018
28575	Scintillation in core	4018
28575	Scintillation in core	4016
28575	Scintillation in core	4016
28575	Scintillation in core	4016
28575	Scintillation in core	4016
28575	Scintillation in core	4016
28575	Scintillation in core	4011
28575	Scintillation in core	4002
28575	Scintillation in core	3992
28575	Scintillation in core	4350
28575	Scintillation in core	4347
28575	Scintillation in core	4331
28575	Scintillation in core	4331
28575	Scintillation in core	4331
28575	Scintillation in core	4366
28575	Scintillation in core	4393
28575	Scintillation in core	4393
28575	Scintillation in core	4393
28575	Scintillation in core	4393
28575	Scintillation in core	4393
28575	Scintillation in core	4393
28575	Scintillation in core	4393
28575	Scintillation in core	4377
28575	Scintillation in core	4377
28575	Scintillation in core	4464
28575	Scintillation in core	4425
28575	Scintillation in core	4421
28575	Scintillation in core	4410
28575	Scintillation in core	4410
28575	Scintillation in core	4410
28575	Scintillation in core	4400
28575	Scintillation in core	4400
28575	Scintillation in core	4472
28575	Scintillation in core	4471
28600	Cerenkov in core	655
28603	Cerenkov in core	428
29383	Cerenkov in core	427
30294	Cerenkov in core	515
30857	Cerenkov in core	414
30858	Cerenkov in core	875
30884	Cerenkov in core	1325
30888	Cerenkov in core	176
30908	Cerenkov in core	1153
31494	Cerenkov in core	209
31494	Scintillation in core	315
31494	Scintillation in core	315
31494	Scintillation in core	315
31494	Scintillation in core	442
31494	Scintillation in core	441
31494	Scintillation in core	435
31494	Scintillation in core	435
31494	Scintillation in core	435
31494	Scintillation in core	426
31494	Scintillation in core	426
31494	Scintillation in core	425
31494	Scintillation in core	421
31494	Scintillation in core	403
31494	Scintillation in core	383
31494	Scintillation in core	365
31494	Scintillation in core	350
31494	Scintillation in core	343
31494	Scintillation in core	532
31494	Scintillation in core	531
31494	Scintillation in core	551
31494	Cerenkov in core	543
31494	Scintillation in core	559
31494	Scintillation in core	559
31494	Scintillation in core	660
31494	Scintillation in core	660
31494	Scintillation in core	660
31494	Scintillation in core	660
31494	Scintillation in core	660
31494	Scintillation in core	660
31494	Scintillation in core	660
31494	Scintillation in core	660
31494	Scintillation in core	660
31494	Scintillation in core	626
31494	Scintillation in core	626
31494	Scintillation in core	626
31494	Scintillation in core	626
31494	Scintillation in core	626
31494	Scintillation in core	626
31494	Scintillation in core	622
31494	Scintillation in core	687
31494	Scintillation in core	690
31494	Scintillation in core	786
31494	Scintillation in core	777
31494	Scintillation in core	777
31494	Scintillation in core	776
31494	Scintillation in core	721
31494	Scintillation in core	710
31494	Scintillation in core	705
31494	Cerenkov in core	698
31494	Scintillation in core	811
31494	Scintillation in core	809
31494	Scintillation in core	809
31494	Scintillation in core	809
31494	Scintillation in core	809
31494	Scintillation in core	809
31494	Scintillation in core	809
31494	Scintillation in core	809
31494	Scintillation in core	809
31494	Scintillation in core	809
31494	Scintillation in core	809
31494	Scintillation in core	807
31494	Scintillation in core	807
31494	Scintillation in core	807
31494	Scintillation in core	807
31494	Scintillation in core	807
31494	Scintillation in core	851
31494	Scintillation in core	822
31494	Scintillation in core	934
31494	Scintillation in core	931
31494	Scintillation in core	909
31494	Scintillation in core	905
31494	Scintillation in core	905
31494	Scintillation in core	905
31494	Scintillation in core	905
31494	Scintillation in core	905
31494	Scintillation in core	971
31494	Scintillation in core	971
31494	Scintillation in core	971
31494	Scintillation in core	971
31494	Scintillation in core	971
31494	Scintillation in core	971
31494	Scintillation in core	971
31494	Scintillation in core	971
31494	Scintillation in core	971
31494	Scintillation in core	1019
31494	Scintillation in core	1018
31494	Scintillation in core	1018
31494	Scintillation in core	1015
31494	Scintillation in core	1015
31494	Scintillation in core	1000
31494	Scintillation in core	1000
31494	Scintillation in core	1000
31494	Scintillation in core	1000
31494	Scintillation in core	1000
31494	Scintillation in core	1000
31494	Scintillation in core	1028
31494	Scintillation in core	1403
31494	Scintillation in core	1390
31494	Scintillation in core	1390
31494	Scintillation in core	1386
31494	Scintillation in core	1386
31494	Scintillation in core	1386
31494	Scintillation in core	1384
31494	Scintillation in core	1376
31494	Scintillation in core	1362
31494	Scintillation in core	1359
31494	Scintillation in core	1359
31494	Scintillation in core	1359
31494	Scintillation in core	1359
31494	Scintillation in core	1359
31494	Scintillation in core	1359
31494	Scintillation in core	1352
31494	Scintillation in core	1350
31494	Scintillation in core	1349
31494	Scintillation in core	1349
31494	Scintillation in core	1349
31494	Scintillation in core	1349
31494	Scintillation in core	1339
31494	Scintillation in core	1339
31494	Scintillation in core	1339
31494	Scintillation in core	1335
31494	Scintillation in core	1332
31494	Scintillation in core	1331
31494	Scintillation in core	1315
31494	Scintillation in core	1312
31494	Scintillation in core	1270
31494	Scintillation in core	1270
31494	Scintillation in core	1226
31494	Scintillation in core	1226
31494	Scintillation in core	1226
31494	Scintillation in core	1226
31494	Scintillation in core	1226
31494	Scintillation in core	1226
31494	Scintillation in core	1226
31494	Scintillation in core	1211
31494	Scintillation in core	1189
31494	Scintillation in core	1187
31494	Scintillation in core	1176
31494	Scintillation in core	1176
31494	Scintillation in core	1176
31494	Scintillation in core	1176
31494	Scintillation in core	1176
31494	Scintillation in core	1176
31494	Scintillation in core	1176
31494	Scintillation in core	1158
31494	Scintillation in core	1143
31494	Scintillation in core	1143
31494	Scintillation in core	1123
31494	Scintillation in core	1123
31494	Scintillation in core	1123
31494	Scintillation in core	1118
31494	Scintillation in core	1112
31494	Scintillation in core	1105
31494	Scintillation in core	1095
31494	Scintillation in core	1086
31494	Scintillation in core	1076
31494	Scintillation in core	1047
31494	Scintillation in core	1461
31494	Scintillation in core	1461
31494	Scintillation in core	1461
31494	Scintillation in core	1461
31494	Scintillation in core	1438
31494	Scintillation in core	1428
31494	Scintillation in core	1419
31494	Scintillation in core	1419
31494	Scintillation in core	1419
31494	Scintillation in core	1559
31494	Scintillation in core	1558
31494	Scintillation in core	1554
31494	Scintillation in core	1554
31494	Scintillation in core	1554
31494	Scintillation in core	1543
31494	Scintillation in core	1507
31494	Cerenkov in core	1479
31494	Cerenkov in core	1479
31494	Cerenkov in core	1479
31494	Cerenkov in core	1479
31494	Cerenkov in core	1479
31494	Cerenkov in core	1479
31494	Cerenkov in core	1479
31494	Scintillation in core	1654
31494	Scintillation in core	1640
31494	Scintillation in core	1640
31494	Scintillation in core	1640
31494	Scintillation in core	1640
31494	Scintillation in core	1619
31494	Scintillation in core	1612
31494	Scintillation in core	1607
31494	Cerenkov in core	1586
31494	Scintillation in core	1805
31494	Scintillation in core	1805
31494	Scintillation in core	1805
31494	Scintillation in core	1800
31494	Scintillation in core	1800
31494	Scintillation in core	1800
31494	Scintillation in core	1789
31494	Scintillation in core	1781
31494	Scintillation in core	1774
31494	Scintillation in core	1774
31494	Scintillation in core	1774
31494	Scintillation in core	1774
31494	Scintillation in core	1736
31494	Scintillation in core	1714
31494	Scintillation in core	1816
31494	Scintillation in core	1816
31494	Scintillation in core	1835
31494	Scintillation in core	1835
31494	Scintillation in core	1835
31494	Scintillation in core	1835
31494	Scintillation in core	1835
31494	Scintillation in core	1835
31494	Scintillation in core	1829
31494	Scintillation in core	1826
31494	Scintillation in core	1826
31494	Scintillation in core	1826
31494	Scintillation in core	1826
31494	Scintillation in core	1826
31494	Scintillation in core	1826
31494	Cerenkov in core	1821
31494	Scintillation in core	1856
31494	Scintillation in core	1856
31494	Scintillation in core	1856
31494	Scintillation in core	1856
31494	Scintillation in core	1856
31494	Scintillation in core	1902
31494	Scintillation in core	1902
31494	Scintillation in core	1902
31494	Scintillation in core	1902
31494	Scintillation in core	1902
31494	Scintillation in core	1902
31494	Scintillation in core	1900
31494	Scintillation in core	1900
31494	Scintillation in core	1900
31494	Scintillation in core	1900
31494	Scintillation in core	1900
31494	Scintillation in core	1900
31494	Scintillation in core	1900
31494	Scintillation in core	1900
31494	Scintillation in core	1900
31494	Scintillation in core	1900
31494	Scintillation in core	1889
31494	Scintillation in core	1978
31494	Scintillation in core	1958
31494	Scintillation in core	1957
31494	Scintillation in core	1957
31494	Scintillation in core	1954
31494	Scintillation in core	2066
31494	Scintillation in core	2066
31494	Scintillation in core	2066
31494	Scintillation in core	2066
31494	Scintillation in core	2061
31494	Scintillation in core	2061
31494	Scintillation in core	2061
31494	Scintillation in core	2051
31494	Scintillation in core	2024
31494	Scintillation in core	2019
31494	Scintillation in core	2007
31494	Scintillation in core	2004
31494	Scintillation in core	2078
31494	Scintillation in core	2078
31494	Scintillation in core	2078
31494	Scintillation in core	2079
31494	Scintillation in core	2106
31494	Scintillation in core	2095
31494	Scintillation in core	2095
31494	Scintillation in core	2181
31494	Scintillation in core	2179
31494	Scintillation in core	2155
31494	Scintillation in core	2198
31494	Scintillation in core	2207
31494	Scintillation in core	2207
31494	Scintillation in core	2201
31494	Scintillation in core	2274
31494	Scintillation in core	2253
31494	Scintillation in core	2245
31494	Scintillation in core	2233
31494	Scintillation in core	2233
31494	Scintillation in core	2304
31494	Scintillation in core	2349
31494	Scintillation in core	2349
31494	Scintillation in core	2349
31494	Scintillation in core	2349
31494	Scintillation in core	2338
31494	Scintillation in core	2338
31494	Scintillation in core	2454
31494	Scintillation in core	2454
31494	Scintillation in core	2446
31494	Scintillation in core	2446
31494	Scintillation in core	2446
31494	Scintillation in core	2444
31494	Scintillation in core	2424
31494	Scintillation in core	2406
31494	Scintillation in core	2406
31494	Cerenkov in core	2368
31494	Scintillation in core	2467
31494	Scintillation in core	2467
31494	Scintillation in core	2467
31494	Scintillation in core	2467
31494	Scintillation in core	2491
31494	Scintillation in core	2491
31494	Scintillation in core	2491
31494	Scintillation in core	2491
31494	Scintillation in core	2502
31494	Scintillation in core	2507
31494	Scintillation in core	2807
31494	Scintillation in core	2807
31494	Scintillation in core	2807
31494	Scintillation in core	2807
31494	Scintillation in core	2807
31494	Scintillation in core	2807
31494	Scintillation in core	2807
31494	Scintillation in core	2807
31494	Scintillation in core	2807
31494	Scintillation in core	2787
31494	Scintillation in core	2783
31494	Scintillation in core	2783
31494	Scintillation in core	2783
31494	Scintillation in core	2783
31494	Scintillation in core	2775
31494	Scintillation in core	2747
31494	Scintillation in core	2728
31494	Scintillation in core	2707
31494	Scintillation in core	2707
31494	Scintillation in core	2707
31494	Scintillation in core	2707
31494	Scintillation in core	2705
31494	Scintillation in core	2694
31494	Scintillation in core	2680
31494	Scintillation in core	2680
31494	Scintillation in core	2663
31494	Scintillation in core	2648
31494	Scintillation in core	2648
31494	Scintillation in core	2648
31494	Scintillation in core	2648
31494	Scintillation in core	2648
31494	Scintillation in core	2648
31494	Scintillation in core	2648
31494	Scintillation in core	2573
31494	Scintillation in core	2573
31494	Scintillation in core	2573
31494	Scintillation in core	2569
31494	Cerenkov in core	2562
31494	Cerenkov in core	2562
31494	Cerenkov in core	2562
31494	Cerenkov in core	2562
31494	Cerenkov in core	2562
31494	Cerenkov in core	2562
31494	Cerenkov in core	2562
31494	Cerenkov in core	2558
31494	Cerenkov in core	2558
31494	Cerenkov in core	2556
31494	Cerenkov in core	2556
31494	Cerenkov in core	2556
31494	Cerenkov in core	2556
31494	Cerenkov in core	2556
31494	Cerenkov in core	2554
31494	Cerenkov in core	2554
31494	Cerenkov in core	2552
31494	Scintillation in core	2819
31494	Scintillation in core	2810
31516	Cerenkov in core	602
31517	Cerenkov in core	265
33355	Cerenkov in core	463
33355	Cerenkov in core	463
33372	Cerenkov in core	511
33378	Cerenkov in core	481
33403	Cerenkov in core	1352
33403	Cerenkov in core	1398
34053	Cerenkov in core	526
34080	Cerenkov in core	906
34738	Cerenkov in core	331
34751	Cerenkov in core	355
36517	Cerenkov in core	29
36531	Cerenkov in core	870
37056	Cerenkov in core	403
37076	Cerenkov in core	653
37096	Cerenkov in core	849
37898	Cerenkov in core	999
37939	Cerenkov in core	501
37939	Cerenkov in core	1138
37950	Cerenkov in core	699
38815	Cerenkov in core	387
39476	Cerenkov in core	296
39481	Cerenkov in core	635
39483	Cerenkov in core	1274
40249	Cerenkov in core	460
40896	Cerenkov in core	361
40937	Cerenkov in core	296
40945	Cerenkov in core	622
41829	Cerenkov in core	1468
41842	Cerenkov in core	1071
42684	Cerenkov in core	941
43393	Cerenkov in core	1751
43410	Cerenkov in core	764
43421	Cerenkov in core	739
43421	Cerenkov in core	1701
43444	Cerenkov in core	720
44196	Cerenkov in core	123
44212	Cerenkov in core	118
44950	Cerenkov in core	1069
44953	Cerenkov in core	568
44966	Cerenkov in core	115
45701	Cerenkov in core	1584
45719	Cerenkov in core	679
45720	Cerenkov in core	1370
45727	Cerenkov in core	449
47354	Cerenkov in core	261
48068	Cerenkov in core	457
48107	Cerenkov in core	728
48110	Cerenkov in core	1207
48873	Cerenkov in core	427
48873	Cerenkov in core	1032
49720	Cerenkov in core	226
49724	Cerenkov in core	109
49724	Cerenkov in core	405
